UTC Time at End of Hour,Demand (MW),Net Generation (MW)
01-07-2015,772674,775850
02-07-2015,1068283,1072395
03-07-2015,1084390,1088979
04-07-2015,1066050,1067153
05-07-2015,1071403,1071070
06-07-2015,1163471,1167715
07-07-2015,1162069,1165231
08-07-2015,1127191,1129909
09-07-2015,1145679,1150214
10-07-2015,1157435,1160465
11-07-2015,1130570,1131941
12-07-2015,1127168,1129496
13-07-2015,1209332,1209235
14-07-2015,1227965,1228985
15-07-2015,1218238,1219082
16-07-2015,1218115,1216709
17-07-2015,1223910,1226119
18-07-2015,1210281,1209568
19-07-2015,1187791,1187151
20-07-2015,1246255,1242956
21-07-2015,1249595,1244328
22-07-2015,1248861,1242035
23-07-2015,1262401,1256750
24-07-2015,1258004,1251881
25-07-2015,1222664,1217870
26-07-2015,1206832,1201389
27-07-2015,1276462,1270996
28-07-2015,1273609,1269259
29-07-2015,1277239,1272792
30-07-2015,1280708,1273842
31-07-2015,1281606,1274157
01-08-2015,1161710,1158277
02-08-2015,1134194,1130070
03-08-2015,1212310,1207514
04-08-2015,1250762,1244602
05-08-2015,1292695,1286724
06-08-2015,1293549.76,1302706
07-08-2015,1293549.76,1301375
08-08-2015,1269300,1262002
09-08-2015,1242475,1236326
10-08-2015,1293549.76,1288809
11-08-2015,1293549.76,1305188
12-08-2015,1284605,1276439
13-08-2015,1281941,1271560
14-08-2015,1264452,1257208
15-08-2015,1179950,1173298
16-08-2015,1133170,1126145
17-08-2015,1183524,1177344
18-08-2015,1233623,1226247
19-08-2015,1226190,1221438
20-08-2015,1021670,1018923
21-08-2015,1006620,1002803
22-08-2015,1117730,1112943
23-08-2015,1175840,1168270
24-08-2015,1227713,1222903
25-08-2015,1207753,1201003
26-08-2015,1130735,1125130
27-08-2015,1135498,1130086
28-08-2015,1125973,1121996
29-08-2015,1090130,1088482
30-08-2015,1050640,1051221
31-08-2015,1111492,1111830
01-09-2015,1111760,1111271
02-09-2015,1116997,1116305
03-09-2015,1142489,1138809
04-09-2015,1171271,1168394
05-09-2015,1139472,1139469
06-09-2015,1132024,1131644
07-09-2015,1182491,1179074
08-09-2015,1226004,1222901
09-09-2015,1160322,1157683
10-09-2015,1105983,1104230
11-09-2015,1073207,1072145
12-09-2015,966744,964437
13-09-2015,902933,901111
14-09-2015,978181,979219
15-09-2015,1039950,1036743
16-09-2015,1108752,1106730
17-09-2015,1133896,1131734
18-09-2015,1148827,1145353
19-09-2015,1062787,1059287
20-09-2015,998728,995949
21-09-2015,1054582,1052758
22-09-2015,1107181,1106483
23-09-2015,1084166,1083731
24-09-2015,1031608,1030156
25-09-2015,1051724,1050360
26-09-2015,981573,981022
27-09-2015,919760,919823
28-09-2015,957297,957412
29-09-2015,1009927,1008528
30-09-2015,1049691,1046210
01-10-2015,1017091,1015129
02-10-2015,937187,935698
03-10-2015,822162,822257
04-10-2015,801355,801368
05-10-2015,872421,873211
06-10-2015,907010,908089
07-10-2015,953232,952929
08-10-2015,983958,985556
09-10-2015,977254,977851
10-10-2015,904060,904797
11-10-2015,903459,903107
12-10-2015,1056008,1057337
13-10-2015,1042714,1043836
14-10-2015,952454,953846
15-10-2015,978145,979938
16-10-2015,956106,956624
17-10-2015,837785,838283
18-10-2015,773597,768802
19-10-2015,820334,817664
20-10-2015,855710,856086
21-10-2015,932311,930927
22-10-2015,938432,936392
23-10-2015,929957,922782
24-10-2015,846996,846838
25-10-2015,726392,727014
26-10-2015,755759,755083
27-10-2015,802883,802372
28-10-2015,828382,826548
29-10-2015,814170,813987
30-10-2015,845279,845532
31-10-2015,808561,809137
01-11-2015,727842,728837
02-11-2015,773470,773534
03-11-2015,803074,804188
04-11-2015,825083,827008
05-11-2015,893215,894607
06-11-2015,872975,871135
07-11-2015,771904,772094
08-11-2015,709356,709363
09-11-2015,755894,754807
10-11-2015,793648,792413
11-11-2015,876699,876500
12-11-2015,815057,813102
13-11-2015,762335,762736
14-11-2015,729465,728082
15-11-2015,718658,719159
16-11-2015,796753,798037
17-11-2015,840822,844848
18-11-2015,782890,783260
19-11-2015,787110,786630
20-11-2015,783277,782812
21-11-2015,756330,757469
22-11-2015,796659,797966
23-11-2015,845731,845739
24-11-2015,814007,814268
25-11-2015,783353,784371
26-11-2015,775687,775498
27-11-2015,766856,770762
28-11-2015,857769,855184
29-11-2015,862534,859902
30-11-2015,871410,868609
01-12-2015,868562,867439
02-12-2015,869287,867178
03-12-2015,870666,870910
04-12-2015,867332,868044
05-12-2015,838143,837588
06-12-2015,781844,780852
07-12-2015,818949,817152
08-12-2015,822127,824953
09-12-2015,803367,801799
10-12-2015,812503,810054
11-12-2015,823222,822284
12-12-2015,800133,805799
13-12-2015,770150,771442
14-12-2015,819725,819488
15-12-2015,811187,815422
16-12-2015,812567,812796
17-12-2015,871306,873134
18-12-2015,896409,897787
19-12-2015,872275,873852
20-12-2015,782034,779605
21-12-2015,776043,775458
22-12-2015,802291,804110
23-12-2015,806305,808131
24-12-2015,775990,773438
25-12-2015,768604,766624
26-12-2015,773242,775611
27-12-2015,812065,814831
28-12-2015,941270,942726
29-12-2015,967629,967470
30-12-2015,900654,900145
31-12-2015,895349,895145
01-01-2016,879014,880478
02-01-2016,912696,914501
03-01-2016,871480,872094
04-01-2016,905946,906376
05-01-2016,955357,957024
06-01-2016,927987,928719
07-01-2016,851406,850948
08-01-2016,824693,824915
09-01-2016,846235,846340
10-01-2016,975582,976744
11-01-2016,1005724,1006709
12-01-2016,962232,962347
13-01-2016,893751,894662
14-01-2016,847711,848077
15-01-2016,815613,814711
16-01-2016,833330,834151
17-01-2016,909171,906800
18-01-2016,936738,936464
19-01-2016,910404,912400
20-01-2016,875111,875532
21-01-2016,870159,872864
22-01-2016,979171,978915
23-01-2016,970952,969926
24-01-2016,884922,885051
25-01-2016,797421,797940
26-01-2016,852346,855776
27-01-2016,959222,956165
28-01-2016,948643,947622
29-01-2016,859569,858420
30-01-2016,764764,763812
31-01-2016,719270,724176
01-02-2016,788545,788101
02-02-2016,794289,797770
03-02-2016,845759,847332
04-02-2016,927710,926772
05-02-2016,929206,930409
06-02-2016,855124,855170
07-02-2016,862609,860758
08-02-2016,845707,845634
09-02-2016,911183,909684
10-02-2016,861829,861181
11-02-2016,803622,809407
12-02-2016,791774,791721
13-02-2016,759028,759601
14-02-2016,720895,726147
15-02-2016,765961,766021
16-02-2016,799497,801344
17-02-2016,797063,797939
18-02-2016,794666,797720
19-02-2016,798574,799317
20-02-2016,772822,773204
21-02-2016,739295,739215
22-02-2016,771595,771675
23-02-2016,801512,803982
24-02-2016,873563,872753
25-02-2016,846952,845591
26-02-2016,842103,841228
27-02-2016,778897,778410
28-02-2016,717144,714574
29-02-2016,768362,765685
01-03-2016,792611,796554
02-03-2016,795023,795573
03-03-2016,799145,799771
04-03-2016,790842,789882
05-03-2016,744136,744165
06-03-2016,721926,719394
07-03-2016,781402,778130
08-03-2016,809241,802125
09-03-2016,796006,796069
10-03-2016,772765,767431
11-03-2016,778278,773434
12-03-2016,739811,736918
13-03-2016,732248,739434
14-03-2016,801300,805442
15-03-2016,853465,851109
16-03-2016,830324,827529
17-03-2016,825025,821215
18-03-2016,830580,828458
19-03-2016,767607,770036
20-03-2016,735816,736968
21-03-2016,810645,811191
22-03-2016,790625,788644
23-03-2016,796113,793948
24-03-2016,794165,792368
25-03-2016,762586,761075
26-03-2016,722542,721753
27-03-2016,719230,719382
28-03-2016,770286,769150
29-03-2016,794754,792340
30-03-2016,827040,825597
31-03-2016,856877,850976
01-04-2016,805953,805409
02-04-2016,736845,737078
03-04-2016,714509,711889
04-04-2016,782051,782385
05-04-2016,823175,826088
06-04-2016,820836,822356
07-04-2016,816644,817425
08-04-2016,811874,814469
09-04-2016,754806,755052
10-04-2016,758724,758816
11-04-2016,868934,866215
12-04-2016,854659,853047
13-04-2016,803784,805151
14-04-2016,806040,804862
15-04-2016,825875,829122
16-04-2016,810425,814503
17-04-2016,793913,796366
18-04-2016,809636,807889
19-04-2016,827234,823141
20-04-2016,849565,844517
21-04-2016,845210,842322
22-04-2016,848840,846582
23-04-2016,820537,818869
24-04-2016,789287,785125
25-04-2016,910744,911588
26-04-2016,991847,995143
27-04-2016,942426,939337
28-04-2016,940433,943745
29-04-2016,991179,994056
30-04-2016,904901,901767
01-05-2016,865288,861779
02-05-2016,835487,836297
03-05-2016,792948,793682
04-05-2016,831050,830173
05-05-2016,881839,877585
06-05-2016,893473,891902
07-05-2016,869739,868454
08-05-2016,823284,825693
09-05-2016,890660,892751
10-05-2016,1034042,1032939
11-05-2016,1028143,1023664
12-05-2016,1007101,1004706
13-05-2016,990683,991127
14-05-2016,910541,911936
15-05-2016,780937,781502
16-05-2016,848986,850166
17-05-2016,909719,913809
18-05-2016,881461,883816
19-05-2016,824273,826504
20-05-2016,840778,846163
21-05-2016,904995,906815
22-05-2016,927139,923477
23-05-2016,993973,994677
24-05-2016,1029405,1038441
25-05-2016,1088211,1093966
26-05-2016,1072000,1080906
27-05-2016,963371,970903
28-05-2016,915199,919635
29-05-2016,974633,976021
30-05-2016,939404,945025
31-05-2016,1006316,1012718
01-06-2016,947683,953310
02-06-2016,935709,943059
03-06-2016,908218,916896
04-06-2016,879275,882810
05-06-2016,888425,891067
06-06-2016,892645,251070
07-06-2016,979391,769549
08-06-2016,1087050,1092716
09-06-2016,1055755,302975
10-06-2016,1059988,813878
11-06-2016,1103054,1110189
12-06-2016,1074069,1076784
13-06-2016,1091582,1098505
14-06-2016,1149082,1158560
15-06-2016,1219013,1228898
16-06-2016,1236172,1241394
17-06-2016,1235995,1239386
18-06-2016,1212742,1213182
19-06-2016,1124570,1124802
20-06-2016,1169256,1169082
21-06-2016,1197803,1198368
22-06-2016,1222757,1224075
23-06-2016,1227363,1228953
24-06-2016,1194138,1196524
25-06-2016,1149480,1153823
26-06-2016,1120954,1124717
27-06-2016,1194617,1196965
28-06-2016,1193438,1196078
29-06-2016,1136181,1142967
30-06-2016,1199215,1202006
01-07-2016,1210360,1212429
02-07-2016,1195550,1197913
03-07-2016,1195885,1195189
04-07-2016,1183751,1185426
05-07-2016,1226939,1233788
06-07-2016,1281667,1289329
07-07-2016,1279655,1286167
08-07-2016,1277860,1281803
09-07-2016,1220472,1223959
10-07-2016,1141159,1144008
11-07-2016,1253176,1262083
12-07-2016,1260951,1265976
13-07-2016,1293309,1300530
14-07-2016,1303611.94,1309573
15-07-2016,1260161,1265455
16-07-2016,1207883,1211151
17-07-2016,1187860,1186256
18-07-2016,1239997,1241923
19-07-2016,1254511,1258289
20-07-2016,1266801,1272870
21-07-2016,1285067,1291187
22-07-2016,1291249,1296480
23-07-2016,1281036,1283987
24-07-2016,1270759,1270168
25-07-2016,1294776,1293953
26-07-2016,1183328,1189928
27-07-2016,1158908,1168289
28-07-2016,1171350,1178879
29-07-2016,1170913,1177753
30-07-2016,1198692,1203092
31-07-2016,1195992,1197213
01-08-2016,1256975,1258360
02-08-2016,1275702,1277175
03-08-2016,1302835,1302907
04-08-2016,1303611.94,1320069
05-08-2016,1303611.94,1323530
06-08-2016,1288916,1290418
07-08-2016,1271170,1270708
08-08-2016,1303611.94,1337861
09-08-2016,1303611.94,1350347
10-08-2016,1303611.94,1365952
11-08-2016,1303611.94,1380284
12-08-2016,1303611.94,1365337
13-08-2016,1195562,1199602
14-08-2016,1070592,1071966
15-08-2016,1030176,1034587
16-08-2016,1010726,1017388
17-08-2016,1037174,1047637
18-08-2016,1042131,1049757
19-08-2016,1079922,1086089
20-08-2016,1031606,1036939
21-08-2016,993777,996258
22-08-2016,1052536,1054422
23-08-2016,1156337,1160089
24-08-2016,1196865,1200705
25-08-2016,1186161,1189910
26-08-2016,1147341,1149716
27-08-2016,1072495,1073888
28-08-2016,1073568,1072797
29-08-2016,1087199,1090941
30-08-2016,1098091,1104224
31-08-2016,1058010,302414
01-09-2016,1100006,847639
02-09-2016,1125878,1130917
03-09-2016,1056091,1063680
04-09-2016,1050277,1059198
05-09-2016,1083751,1093989
06-09-2016,1169738,1180888
07-09-2016,1206749,1214152
08-09-2016,1215755,1221968
09-09-2016,1193626,1199039
10-09-2016,1067027,1071324
11-09-2016,987387,986936
12-09-2016,1095308,1097927
13-09-2016,1128528,1132987
14-09-2016,1142996,1146972
15-09-2016,1146429,1154508
16-09-2016,1165509,1164750
17-09-2016,1142600,1141262
18-09-2016,1140235,1139399
19-09-2016,1244168,1243728
20-09-2016,1253180,1262786
21-09-2016,1192715,1201639
22-09-2016,1152943,1159469
23-09-2016,1161551,1167440
24-09-2016,1120960,1129239
25-09-2016,1006455,1014304
26-09-2016,947098,957797
27-09-2016,912608,928256
28-09-2016,937277,946995
29-09-2016,958722,968900
30-09-2016,888766,897616
01-10-2016,842589,849644
02-10-2016,860666,864718
03-10-2016,958021,961110
04-10-2016,1022757,1027706
05-10-2016,1107461,1109140
06-10-2016,1124839,1131178
07-10-2016,1035132,1040779
08-10-2016,874599,878097
09-10-2016,817948,817436
10-10-2016,845728,844808
11-10-2016,909670,908267
12-10-2016,1013274,1010652
13-10-2016,999869,1003992
14-10-2016,956169,960398
15-10-2016,961629,962658
16-10-2016,1002853,1003706
17-10-2016,1077497,1077911
18-10-2016,1097194,1099590
19-10-2016,1090213,1094464
20-10-2016,999470,1003717
21-10-2016,829355,833337
22-10-2016,756954,765322
23-10-2016,756754,766234
24-10-2016,878754,885593
25-10-2016,909899,912088
26-10-2016,919119,927291
27-10-2016,936232,940541
28-10-2016,937191,939689
29-10-2016,896461,903470
30-10-2016,887831,890931
31-10-2016,927391,931155
01-11-2016,965979,968267
02-11-2016,1005969,1010370
03-11-2016,966826,974901
04-11-2016,903229,908725
05-11-2016,836312,838830
06-11-2016,776417,775549
07-11-2016,829915,829546
08-11-2016,824943,829196
09-11-2016,800518,806896
10-11-2016,785693,789350
11-11-2016,780711,787008
12-11-2016,756153,758208
13-11-2016,730644,731817
14-11-2016,783976,786428
15-11-2016,825159,824472
16-11-2016,828484,833062
17-11-2016,846800,853187
18-11-2016,859710,862165
19-11-2016,761710,765702
20-11-2016,781238,783742
21-11-2016,796148,799090
22-11-2016,803621,806245
23-11-2016,816697,815499
24-11-2016,767030,766337
25-11-2016,720015,723031
26-11-2016,738549,738939
27-11-2016,738294,744431
28-11-2016,823948,828326
29-11-2016,836128,837744
30-11-2016,822751,823659
01-12-2016,844213,850501
02-12-2016,824721,833037
03-12-2016,821778,825625
04-12-2016,816080,820936
05-12-2016,870131,868779
06-12-2016,874975,876551
07-12-2016,892520,892787
08-12-2016,980780,983459
09-12-2016,1115497,1118783
10-12-2016,1017554,1018820
11-12-2016,854478,854336
12-12-2016,837263,839133
13-12-2016,856605,858411
14-12-2016,882829,883199
15-12-2016,923157,924501
16-12-2016,913280,916657
17-12-2016,815426,824021
18-12-2016,1081057,1088643
19-12-2016,1233452,1233565
20-12-2016,1089694,1087509
21-12-2016,931899,934018
22-12-2016,853566,854241
23-12-2016,854545,853153
24-12-2016,806185,806548
25-12-2016,778503,778680
26-12-2016,789052,787219
27-12-2016,828157,823239
28-12-2016,837901,836686
29-12-2016,816575,814385
30-12-2016,848203,853129
31-12-2016,820477,822362
01-01-2017,744739,747890
02-01-2017,763303,769384
03-01-2017,809659,809019
04-01-2017,942776,938847
05-01-2017,980972,981575
06-01-2017,1176539,1185315
07-01-2017,1293450,1289038
08-01-2017,1151486,1157323
09-01-2017,975409,978597
10-01-2017,819986,823891
11-01-2017,814376,819760
12-01-2017,830608,835306
13-01-2017,859256,860854
14-01-2017,883911,869351
15-01-2017,831575,818096
16-01-2017,813280,813480
17-01-2017,855730,858915
18-01-2017,883887,886546
19-01-2017,843205,846641
20-01-2017,821668,826577
21-01-2017,781861,781421
22-01-2017,759492,765250
23-01-2017,814965,817555
24-01-2017,817318,822382
25-01-2017,812735,812986
26-01-2017,876744,878288
27-01-2017,925824,928528
28-01-2017,894501,898616
29-01-2017,863919,864607
30-01-2017,839844,841825
31-01-2017,817775,821866
01-02-2017,801809,804368
02-02-2017,839799,842928
03-02-2017,889736,891928
04-02-2017,859925,861160
05-02-2017,791335,791581
06-02-2017,803056,807566
07-02-2017,848351,851980
08-02-2017,836955,840166
09-02-2017,837965,839881
10-02-2017,822790,823983
11-02-2017,803323,805464
12-02-2017,808947,806160
13-02-2017,815818,818449
14-02-2017,837261,838630
15-02-2017,865055,866509
16-02-2017,857407,856835
17-02-2017,810230,810536
18-02-2017,766864,765503
19-02-2017,776131,775213
20-02-2017,796552,794779
21-02-2017,789513,790101
22-02-2017,741533,242629
23-02-2017,774896,572390
24-02-2017,829768,829083
25-02-2017,781692,783025
26-02-2017,779140,780442
27-02-2017,809259,808726
28-02-2017,865838,869487
01-03-2017,855765,858184
02-03-2017,805653,808515
03-03-2017,807878,808113
04-03-2017,772924,768837
05-03-2017,765972,761547
06-03-2017,824094,821428
07-03-2017,861747,864190
08-03-2017,821505,823001
09-03-2017,834274,838986
10-03-2017,845742,848246
11-03-2017,788192,790993
12-03-2017,758925,761434
13-03-2017,789510,792184
14-03-2017,812413,820401
15-03-2017,790596,792021
16-03-2017,786647,789087
17-03-2017,815386,817012
18-03-2017,811683,813449
19-03-2017,824678,823707
20-03-2017,900694,903826
21-03-2017,908989,912579
22-03-2017,912015,912328
23-03-2017,914884,918798
24-03-2017,886150,892426
25-03-2017,825831,829142
26-03-2017,824373,825761
27-03-2017,910495,911820
28-03-2017,933337,939000
29-03-2017,909639,917118
30-03-2017,844872,851081
31-03-2017,856360,865983
01-04-2017,841024,847913
02-04-2017,821942,824572
03-04-2017,839620,841695
04-04-2017,892838,899834
05-04-2017,857548,863749
06-04-2017,800865,809767
07-04-2017,816159,822998
08-04-2017,812499,815238
09-04-2017,831424,829268
10-04-2017,912778,912324
11-04-2017,871072,874509
12-04-2017,832237,834962
13-04-2017,873178,871427
14-04-2017,867229,865334
15-04-2017,857259,853017
16-04-2017,853907,850564
17-04-2017,885653,887195
18-04-2017,859781,861882
19-04-2017,911652,915040
20-04-2017,961437,964035
21-04-2017,975101,978206
22-04-2017,867609,870493
23-04-2017,729304,730413
24-04-2017,800123,801059
25-04-2017,892054,896630
26-04-2017,982679,984196
27-04-2017,857894,861194
28-04-2017,969166,972950
29-04-2017,1036800,1038316
30-04-2017,795271,797797
01-05-2017,822835,823558
02-05-2017,921090,925016
03-05-2017,992566,996439
04-05-2017,855604,859896
05-05-2017,829330,832836
06-05-2017,839524,844632
07-05-2017,875944,876011
08-05-2017,930045,930771
09-05-2017,938284,940875
10-05-2017,961621,966558
11-05-2017,983416,985990
12-05-2017,962682,962494
13-05-2017,902389,903368
14-05-2017,930874,929383
15-05-2017,1025832,1027344
16-05-2017,1026510,1030258
17-05-2017,1027798,1030529
18-05-2017,1109879,1111903
19-05-2017,1109702,1111154
20-05-2017,1013774,1012482
21-05-2017,924648,927959
22-05-2017,912009,916549
23-05-2017,925011,927592
24-05-2017,870168,872611
25-05-2017,876728,247973
26-05-2017,1037467,829237
27-05-2017,1147218,1149475
28-05-2017,1081668,1082550
29-05-2017,954295,955390
30-05-2017,1037090,1036460
31-05-2017,1062693,1065318
01-06-2017,1043076,1044800
02-06-2017,1018104,282191
03-06-2017,972129,732009
04-06-2017,969889,971311
05-06-2017,986971,990100
06-06-2017,1057540,1059678
07-06-2017,1108715,1109395
08-06-2017,1107144,1109202
09-06-2017,1058836,1063340
10-06-2017,1033157,1033750
11-06-2017,1065330,1065722
12-06-2017,1166841,1168593
13-06-2017,1206606,1211057
14-06-2017,1227356,1231000
15-06-2017,1234297,1237201
16-06-2017,1253975,1255823
17-06-2017,1220751,1223407
18-06-2017,1199464,1200156
19-06-2017,1199107,1200984
20-06-2017,1217754,1219962
21-06-2017,1196573,1196153
22-06-2017,1144325,1143370
23-06-2017,1261378,1263206
24-06-2017,1136687,1138679
25-06-2017,1014003,1014873
26-06-2017,1091533,1098053
27-06-2017,1112207,1115629
28-06-2017,1122918,1125182
29-06-2017,1185873,1185738
30-06-2017,1270789,1268636
01-07-2017,1163986,1166501
02-07-2017,1138909,1136448
03-07-2017,1225380,1225123
04-07-2017,1189491,1189362
05-07-2017,1232520,1228612
06-07-2017,1217740,1218682
07-07-2017,1230033,1229945
08-07-2017,1184720,1182304
09-07-2017,1146507,1143444
10-07-2017,1152071,1151039
11-07-2017,1237419,1240501
12-07-2017,1244578,1245765
13-07-2017,1245154,1246044
14-07-2017,1255424,1251112
15-07-2017,1204056,1199582
16-07-2017,1118139,1115502
17-07-2017,1225613,1220114
18-07-2017,1252958,1251383
19-07-2017,1289596,1291645
20-07-2017,1303611.94,1317223
21-07-2017,1303611.94,1329139
22-07-2017,1285072,1285153
23-07-2017,1248201,1247114
24-07-2017,1243051,1244312
25-07-2017,1278536,1281249
26-07-2017,1303611.94,1310921
27-07-2017,1303611.94,1307219
28-07-2017,1303611.94,1322041
29-07-2017,1303611.94,1307010
30-07-2017,1268251,1263301
31-07-2017,1236493,1232120
01-08-2017,1217446,1214597
02-08-2017,1156233,1158946
03-08-2017,1124601,1127307
04-08-2017,1217746,1215127
05-08-2017,1209545,1203199
06-08-2017,1220331,1216427
07-08-2017,1182264,1182116
08-08-2017,1127616,1130178
09-08-2017,1175214,1172633
10-08-2017,1257516,1255428
11-08-2017,1293319,1293905
12-08-2017,1266461,1266107
13-08-2017,1188218,1184008
14-08-2017,1258272,1257358
15-08-2017,1282223,1286578
16-08-2017,1303611.94,1322907
17-08-2017,1303611.94,1318480
18-08-2017,1262020,1265087
19-08-2017,1265258,1268519
20-08-2017,1253563,1255212
21-08-2017,1283301,1284969
22-08-2017,1286561,1285916
23-08-2017,1261778,1264548
24-08-2017,1201396,1206639
25-08-2017,1111645,1116077
26-08-2017,971466,972909
27-08-2017,903277,906001
28-08-2017,910639,912854
29-08-2017,932238,938014
30-08-2017,979258,985782
31-08-2017,1028768,1035053
01-09-2017,1061546,1066104
02-09-2017,1055665,1058495
03-09-2017,1056753,1056509
04-09-2017,1080066,1078391
05-09-2017,1126227,1127016
06-09-2017,1037944,1040010
07-09-2017,944651,945520
08-09-2017,949581,948598
09-09-2017,937475,935255
10-09-2017,927032,925290
11-09-2017,971769,980448
12-09-2017,971415,975046
13-09-2017,1013063,1018039
14-09-2017,1100683,1104152
15-09-2017,1151412,1155706
16-09-2017,1126572,1126438
17-09-2017,1116516,1115420
18-09-2017,1173807,1173420
19-09-2017,1199767,1203383
20-09-2017,1238048,1243203
21-09-2017,1229024,1235889
22-09-2017,1171906,1180082
23-09-2017,1122615,1127967
24-09-2017,1091176,1093872
25-09-2017,1129945,1132086
26-09-2017,1115920,1118753
27-09-2017,1091577,1098571
28-09-2017,1037065,1041077
29-09-2017,989626,993500
30-09-2017,943841,944639
01-10-2017,948880,950253
02-10-2017,1062151,1073642
03-10-2017,1097686,1106401
04-10-2017,1092253,1094783
05-10-2017,1078391,1084272
06-10-2017,1061272,1067020
07-10-2017,1011967,1011509
08-10-2017,1002146,1003240
09-10-2017,1128115,1132806
10-10-2017,996589,1008297
11-10-2017,855370,861554
12-10-2017,935945,940831
13-10-2017,1075630,1079991
14-10-2017,1084183,1091726
15-10-2017,983842,993574
16-10-2017,855647,863795
17-10-2017,824520,828196
18-10-2017,846551,852560
19-10-2017,897076,901919
20-10-2017,930674,930927
21-10-2017,964145,969623
22-10-2017,902261,906695
23-10-2017,835259,835561
24-10-2017,833874,837369
25-10-2017,809699,814678
26-10-2017,833908,836532
27-10-2017,836870,845068
28-10-2017,811139,817976
29-10-2017,804560,806367
30-10-2017,808340,811035
31-10-2017,832126,842518
01-11-2017,863245,874582
02-11-2017,943856,955037
03-11-2017,974430,980244
04-11-2017,932359,938182
05-11-2017,959459,956763
06-11-2017,988777,995336
07-11-2017,939177,945773
08-11-2017,885022,894195
09-11-2017,871295,877419
10-11-2017,852442,858227
11-11-2017,797976,813422
12-11-2017,784949,790048
13-11-2017,847451,848723
14-11-2017,865928,874281
15-11-2017,883779,892524
16-11-2017,899204,905742
17-11-2017,930172,936949
18-11-2017,905622,912249
19-11-2017,788941,795551
20-11-2017,842652,845639
21-11-2017,847372,854926
22-11-2017,844588,854019
23-11-2017,838120,842116
24-11-2017,769469,776697
25-11-2017,769211,783728
26-11-2017,771442,776084
27-11-2017,829737,837775
28-11-2017,848670,862594
29-11-2017,845427,858133
30-11-2017,853386,867385
01-12-2017,841126,854117
02-12-2017,803579,809760
03-12-2017,796185,799863
04-12-2017,877482,887312
05-12-2017,888623,899791
06-12-2017,935561,942392
07-12-2017,1034254,1040935
08-12-2017,1152194,1154215
09-12-2017,1030322,1036250
10-12-2017,916152,915885
11-12-2017,913868,915654
12-12-2017,889298,894460
13-12-2017,968637,971768
14-12-2017,919458,927335
15-12-2017,939049,945850
16-12-2017,960331,960450
17-12-2017,911675,909754
18-12-2017,897131,895533
19-12-2017,880558,884287
20-12-2017,870905,877015
21-12-2017,869751,881589
22-12-2017,901482,911600
23-12-2017,943577,945894
24-12-2017,909508,911400
25-12-2017,949033,953830
26-12-2017,926065,930589
27-12-2017,1067308,1074647
28-12-2017,1107404,1112013
29-12-2017,1038742,1042889
30-12-2017,928795,932804
31-12-2017,1034271,1038826
01-01-2018,1269606,1273584
02-01-2018,1303611.94,1343402
03-01-2018,1303611.94,1326837
04-01-2018,1163171,1169739
05-01-2018,1030456,1042959
06-01-2018,937478,942334
07-01-2018,838850,841569
08-01-2018,861014,863175
09-01-2018,931498,933458
10-01-2018,921897,927101
11-01-2018,876190,882261
12-01-2018,1125767,1128762
13-01-2018,1086812,1089906
14-01-2018,1035076,1038500
15-01-2018,971262,975162
16-01-2018,1220576,1221908
17-01-2018,1303611.94,1390101
18-01-2018,1303611.94,1286080
19-01-2018,1141807,1136276
20-01-2018,891444,892322
21-01-2018,774343,778373
22-01-2018,836367,838662
23-01-2018,942462,938864
24-01-2018,963438,960897
25-01-2018,966523,967818
26-01-2018,900621,899806
27-01-2018,793411,794257
28-01-2018,801575,799677
29-01-2018,878597,879662
30-01-2018,954441,960580
31-01-2018,906825,911630
01-02-2018,831346,835727
02-02-2018,891325,895371
03-02-2018,899502,901657
04-02-2018,809274,809019
05-02-2018,926538,928878
06-02-2018,948466,952510
07-02-2018,1054305,1059759
08-02-2018,1062914,1068774
09-02-2018,907321,914467
10-02-2018,852056,854147
11-02-2018,1052006,1047665
12-02-2018,1151821,1152973
13-02-2018,1055149,1062009
14-02-2018,947583,956810
15-02-2018,837861,847341
16-02-2018,846502,849998
17-02-2018,850082,854437
18-02-2018,816338,817829
19-02-2018,844020,850627
20-02-2018,872011,887594
21-02-2018,987568,994793
22-02-2018,1064737,1067370
23-02-2018,988650,994775
24-02-2018,880991,888340
25-02-2018,822462,825590
26-02-2018,840308,846182
27-02-2018,854509,863922
28-02-2018,878272,884938
01-03-2018,869634,875385
02-03-2018,855771,858352
03-03-2018,801536,805131
04-03-2018,785763,787311
05-03-2018,864179,866679
06-03-2018,848526,855925
07-03-2018,849975,859265
08-03-2018,861671,870954
09-03-2018,837946,844989
10-03-2018,821899,823174
11-03-2018,830885,831801
12-03-2018,823001,828547
13-03-2018,834844,837066
14-03-2018,842887,843859
15-03-2018,833048,834697
16-03-2018,857966,860260
17-03-2018,857188,860392
18-03-2018,843045,845310
19-03-2018,895473,901680
20-03-2018,844182,850771
21-03-2018,838524,845041
22-03-2018,843929,849234
23-03-2018,860047,866750
24-03-2018,865423,865912
25-03-2018,862952,862361
26-03-2018,930749,936918
27-03-2018,935231,936182
28-03-2018,871650,877615
29-03-2018,852030,857203
30-03-2018,829362,829224
31-03-2018,811163,811846
01-04-2018,811601,808651
02-04-2018,898306,897741
03-04-2018,933404,939936
04-04-2018,853498,865823
05-04-2018,837918,841706
06-04-2018,904487,908738
07-04-2018,882910,895281
08-04-2018,856253,855289
09-04-2018,830433,837633
10-04-2018,827701,828457
11-04-2018,845213,845591
12-04-2018,893558,898301
13-04-2018,966626,971466
14-04-2018,837649,837600
15-04-2018,787114,784648
16-04-2018,840708,839052
17-04-2018,880409,874103
18-04-2018,917014,907480
19-04-2018,861594,854743
20-04-2018,829103,825892
21-04-2018,799919,797873
22-04-2018,787548,785802
23-04-2018,835606,835785
24-04-2018,897756,901290
25-04-2018,920677,922683
26-04-2018,857293,862249
27-04-2018,861354,860948
28-04-2018,851995,846827
29-04-2018,861678,861719
30-04-2018,906271,910303
01-05-2018,944376,947907
02-05-2018,1014966,1019742
03-05-2018,1034609,1041158
04-05-2018,969376,975481
05-05-2018,872567,873583
06-05-2018,895689,891662
07-05-2018,1000602,997733
08-05-2018,1044799,1045583
09-05-2018,1031211,1032248
10-05-2018,1036353,1037047
11-05-2018,1064615,1070103
12-05-2018,1069642,1070819
13-05-2018,1071447,1071513
14-05-2018,1132450,1136208
15-05-2018,1129093,1127657
16-05-2018,1115149,1115072
17-05-2018,1158239,1155468
18-05-2018,1189974,1192975
19-05-2018,1138170,1141430
20-05-2018,1040373,1036775
21-05-2018,1001988,998459
22-05-2018,1077662,1075414
23-05-2018,1109426,1108475
24-05-2018,1134545,1128556
25-05-2018,1166210,1162118
26-05-2018,1139209,1135561
27-05-2018,1157758,1152371
28-05-2018,1187117,1183029
29-05-2018,1243790,1240452
30-05-2018,1266277,1263264
31-05-2018,1276629,1271863
01-06-2018,1294297,1290990
02-06-2018,1281418,1280043
03-06-2018,1232045,1226086
04-06-2018,1158605,1152188
05-06-2018,1210086,1204576
06-06-2018,1294778,1289494
07-06-2018,1286093,1282273
08-06-2018,1224599,1221483
09-06-2018,1200607,1193926
10-06-2018,1190721,1179827
11-06-2018,1275967,1270889
12-06-2018,1302760,1300096
13-06-2018,1292339,1287242
14-06-2018,1279003,1274776
15-06-2018,1261648,1267433
16-06-2018,1238065,1243722
17-06-2018,1169486,1169607
18-06-2018,1181305,1181701
19-06-2018,1122492,1125273
20-06-2018,1109776,1111537
21-06-2018,1155194,1152787
22-06-2018,1267662,1262865
23-06-2018,1270883,1271583
24-06-2018,1254759,1253032
25-06-2018,1275753,1273356
26-06-2018,1293671,1291893
27-06-2018,1303611.94,1319505
28-06-2018,1303611.94,1329689
29-06-2018,1303611.94,1330100
30-06-2018,1297422,357629
01-07-2018,1330782.46,0
02-07-2018,1330782.46,949503
03-07-2018,1330782.46,1323949
04-07-2018,1213312,1201961
05-07-2018,1148214,1142971
06-07-2018,1228842,1224230
07-07-2018,1142269,1132260
08-07-2018,1102789,1093521
09-07-2018,1126415,1130309
10-07-2018,1157972,1154226
11-07-2018,1217955,1212998
12-07-2018,1268301,1262523
13-07-2018,1225317,1222076
14-07-2018,1263417,1259547
15-07-2018,1261146,1252543
16-07-2018,1319486,1311629
17-07-2018,1330782.46,1328399
18-07-2018,1330782.46,1352990
19-07-2018,1330782.46,1393839
20-07-2018,1330782.46,1401557
21-07-2018,1330782.46,1350055
22-07-2018,1330782.46,1337086
23-07-2018,1330782.46,1398480
24-07-2018,1330782.46,1378662
25-07-2018,1330782.46,1330385
26-07-2018,1323284,1315593
27-07-2018,1316042,1308265
28-07-2018,1286346,1278980
29-07-2018,1301660,1293407
30-07-2018,1324657,1321082
31-07-2018,1249139,1246936
01-08-2018,1188696,1183891
02-08-2018,1226154,1219457
03-08-2018,1253689,1246693
04-08-2018,1221441,1212648
05-08-2018,1207116,1198121
06-08-2018,1282011,1276693
07-08-2018,1309878,1306208
08-08-2018,1303551,1301056
09-08-2018,1266119,1261788
10-08-2018,1220610,1224154
11-08-2018,1104697,1108767
12-08-2018,1058791,1060257
13-08-2018,1158050,1156446
14-08-2018,1195923,1201690
15-08-2018,1274529,1273189
16-08-2018,1324667,1317675
17-08-2018,1329685,1322861
18-08-2018,1309323,1302313
19-08-2018,1248141,1240405
20-08-2018,1306033,1293621
21-08-2018,1296075,1284610
22-08-2018,1301321,1291654
23-08-2018,1324071,1310953
24-08-2018,1330782.46,1334314
25-08-2018,1302602,1296285
26-08-2018,1278027,1269431
27-08-2018,1327206,1321208
28-08-2018,1330782.46,1328644
29-08-2018,1312324,1303027
30-08-2018,1280223,1268518
31-08-2018,1301295,1289410
01-09-2018,1249844,1242442
02-09-2018,1179644,1171442
03-09-2018,1102830,1101155
04-09-2018,1128001,1127568
05-09-2018,1177090,1173338
06-09-2018,1169078,1161745
07-09-2018,1149907,1143661
08-09-2018,1093701,1087462
09-09-2018,1001153,989606
10-09-2018,982248,974183
11-09-2018,994926,989460
12-09-2018,1055448,1045883
13-09-2018,1105116,1099388
14-09-2018,1086409,1085619
15-09-2018,1059361,1058254
16-09-2018,1074478,1064353
17-09-2018,1171354,1160409
18-09-2018,1226653,1222376
19-09-2018,1238949,1237524
20-09-2018,1207955,1210874
21-09-2018,1143684,1149938
22-09-2018,1029498,1028273
23-09-2018,912662,904245
24-09-2018,1016458,1007811
25-09-2018,1111609,1107070
26-09-2018,1097927,1097979
27-09-2018,948325,942724
28-09-2018,960161,953397
29-09-2018,955643,947351
30-09-2018,964926,959906
01-10-2018,1043357,1036598
02-10-2018,1088240,1083511
03-10-2018,1148381,1147620
04-10-2018,1167755,1165034
05-10-2018,1169312,1169832
06-10-2018,1126042,1117367
07-10-2018,1084042,1086118
08-10-2018,1096447,1105444
09-10-2018,1037706,1038695
10-10-2018,973779,972591
11-10-2018,906767,906003
12-10-2018,918020,920520
13-10-2018,951376,954585
14-10-2018,973445,970233
15-10-2018,952949,958181
16-10-2018,903615,909943
17-10-2018,871369,875731
18-10-2018,850229,851795
19-10-2018,841909,839180
20-10-2018,811973,809083
21-10-2018,771843,771970
22-10-2018,808136,811367
23-10-2018,815421,817578
24-10-2018,825396,823603
25-10-2018,829597,828222
26-10-2018,829596,833007
27-10-2018,811039,815703
28-10-2018,826699,820254
29-10-2018,898941,896092
30-10-2018,940769,940723
31-10-2018,926778,927424
01-11-2018,836813,836001
02-11-2018,831834,830102
03-11-2018,794646,791085
04-11-2018,783461,778994
05-11-2018,864206,861091
06-11-2018,926298,919604
07-11-2018,959202,951070
08-11-2018,901471,899168
09-11-2018,872607,876272
10-11-2018,860358,264316
11-11-2018,841152,0
12-11-2018,904631,661405
13-11-2018,1132294,1138341
14-11-2018,1156694,1156102
15-11-2018,1053455,1053106
16-11-2018,928021,928295
17-11-2018,845534,844416
18-11-2018,828918,827944
19-11-2018,953212,949789
20-11-2018,950423,948418
21-11-2018,947953,943612
22-11-2018,869767,865807
23-11-2018,790532,787159
24-11-2018,794640,795200
25-11-2018,791265,788164
26-11-2018,944738,944288
27-11-2018,994597,997285
28-11-2018,918008,922614
29-11-2018,855178,859742
30-11-2018,858101,861877
01-12-2018,833940,834932
02-12-2018,798189,795300
03-12-2018,860492,858791
04-12-2018,952003,955753
05-12-2018,981185,984047
06-12-2018,945457,945478
07-12-2018,939757,941869
08-12-2018,991187,992473
09-12-2018,1019806,1021759
10-12-2018,1036375,1037079
11-12-2018,1031091,1029967
12-12-2018,936452,936745
13-12-2018,881490,880023
14-12-2018,1014745,1013096
15-12-2018,972699,971896
16-12-2018,928408,928381
17-12-2018,917425,914838
18-12-2018,943836,943497
19-12-2018,889359,886217
20-12-2018,906683,900316
21-12-2018,954778,947383
22-12-2018,886919,884562
23-12-2018,836237,833913
24-12-2018,895172,890379
25-12-2018,791744,789836
26-12-2018,804326,811873
27-12-2018,844751,845328
28-12-2018,922141,920170
29-12-2018,983934,981756
30-12-2018,1017542,1012406
31-12-2018,975686,973282
01-01-2019,950405,951051
02-01-2019,1093650,1091777
03-01-2019,1119840,1120374
04-01-2019,1065428,1067670
05-01-2019,931268,935034
06-01-2019,840902,838441
07-01-2019,825078,825699
08-01-2019,851245,855151
09-01-2019,877081,881896
10-01-2019,929961,932787
11-01-2019,929421,932584
12-01-2019,877873,883031
13-01-2019,944229,941524
14-01-2019,1036602,1034096
15-01-2019,1029139,1030445
16-01-2019,961769,962456
17-01-2019,875614,879000
18-01-2019,892786,894695
19-01-2019,907240,911367
20-01-2019,1047987,1044639
21-01-2019,1014640,1017926
22-01-2019,891939,897995
23-01-2019,1035158,1039578
24-01-2019,1082965,1093345
25-01-2019,1006154,1013078
26-01-2019,927770,935560
27-01-2019,877005,877408
28-01-2019,907776,910406
29-01-2019,1009411,1015921
30-01-2019,1054071,1063529
31-01-2019,1000031,1016471
01-02-2019,886847,896241
02-02-2019,824947,827692
03-02-2019,796136,793554
04-02-2019,834852,832303
05-02-2019,862450,871201
06-02-2019,874553,886342
07-02-2019,890751,904945
08-02-2019,1131853,1138808
09-02-2019,1170413,1169664
10-02-2019,1067674,1066283
11-02-2019,950402,953269
12-02-2019,903327,906883
13-02-2019,972439,975085
14-02-2019,900230,903252
15-02-2019,846769,852286
16-02-2019,903412,907638
17-02-2019,876147,877891
18-02-2019,960587,967048
19-02-2019,1054353,1058426
20-02-2019,1032339,1034933
21-02-2019,952979,958707
22-02-2019,951753,955956
23-02-2019,868323,873598
24-02-2019,845102,846094
25-02-2019,911554,915394
26-02-2019,879189,883514
27-02-2019,861352,866721
28-02-2019,1008339,1014464
01-03-2019,1030704,1039479
02-03-2019,931679,938723
03-03-2019,961566,959823
04-03-2019,1240566,1246353
05-03-2019,1272370,1266936
06-03-2019,1133675,1139709
07-03-2019,947425,952699
08-03-2019,862119,867187
09-03-2019,864129,866235
10-03-2019,835970,835864
11-03-2019,885968,880941
12-03-2019,879272,876081
13-03-2019,865564,864987
14-03-2019,859804,862120
15-03-2019,855867,856308
16-03-2019,859940,856845
17-03-2019,828176,821700
18-03-2019,859820,849028
19-03-2019,848718,843923
20-03-2019,838104,836436
21-03-2019,846653,841911
22-03-2019,838108,836852
23-03-2019,797223,800257
24-03-2019,797604,795205
25-03-2019,878590,873253
26-03-2019,858525,859598
27-03-2019,849748,847452
28-03-2019,848340,846507
29-03-2019,858115,859166
30-03-2019,827867,825135
31-03-2019,840425,841021
01-04-2019,909627,905846
02-04-2019,897488,897622
03-04-2019,841743,845375
04-04-2019,870299,875884
05-04-2019,904999,908012
06-04-2019,867433,863999
07-04-2019,823070,821035
08-04-2019,859849,862036
09-04-2019,932873,933190
10-04-2019,982734,976912
11-04-2019,938979,933010
12-04-2019,860729,863676
13-04-2019,859791,862278
14-04-2019,812013,810882
15-04-2019,846803,845140
16-04-2019,891170,895630
17-04-2019,931320,930641
18-04-2019,902639,905719
19-04-2019,815823,815463
20-04-2019,799767,798350
21-04-2019,827612,822175
22-04-2019,905470,898684
23-04-2019,915806,908816
24-04-2019,886790,889581
25-04-2019,900486,898023
26-04-2019,936966,939776
27-04-2019,914744,916655
28-04-2019,918292,926026
29-04-2019,984543,988302
30-04-2019,1026973,1028002
01-05-2019,1030182,1028541
02-05-2019,988989,991079
03-05-2019,926857,930480
04-05-2019,899120,901763
05-05-2019,921362,920786
06-05-2019,990198,989671
07-05-2019,1011418,1013614
08-05-2019,975492,978445
09-05-2019,1001542,998844
10-05-2019,884692,892366
11-05-2019,819945,821458
12-05-2019,810239,809089
13-05-2019,908925,907719
14-05-2019,973366,972115
15-05-2019,1008854,1010520
16-05-2019,1039909,1043113
17-05-2019,1069471,1068794
18-05-2019,1041226,1045054
19-05-2019,1024815,1022135
20-05-2019,1145698,1149600
21-05-2019,1116429,1127211
22-05-2019,1131134,1139673
23-05-2019,1208187,1223014
24-05-2019,1202891,1215659
25-05-2019,1131922,1137744
26-05-2019,1099429,1100753
27-05-2019,1106029,1107549
28-05-2019,1158919,1164296
29-05-2019,1171909,1180536
30-05-2019,1113462,1120648
31-05-2019,1114353,1117906
01-06-2019,1117400,1110800
02-06-2019,1100660,1091629
03-06-2019,1204787,1192700
04-06-2019,1191014,1187678
05-06-2019,1107381,1111429
06-06-2019,1137804,1138163
07-06-2019,1149226,1139495
08-06-2019,1173843,1162920
09-06-2019,1198211,1183003
10-06-2019,1147488,1138952
11-06-2019,1059503,1058217
12-06-2019,1057739,1057194
13-06-2019,1126337,1127877
14-06-2019,1165803,1161455
15-06-2019,1207144,1204844
16-06-2019,1145014,1140243
17-06-2019,1059463,1063583
18-06-2019,1189161,1189235
19-06-2019,1281365,1275089
20-06-2019,1310845,1300880
21-06-2019,1330782.46,1354106
22-06-2019,1284003,1279739
23-06-2019,1256013,1248892
24-06-2019,1171110,1169463
25-06-2019,1119331,1121144
26-06-2019,1158299,1154725
27-06-2019,1197271,1187071
28-06-2019,1212344,1206949
29-06-2019,1187939,1184962
30-06-2019,1074099,1070998
01-07-2019,1181488,1179909
02-07-2019,1232012,1232064
03-07-2019,1198932,1198065
04-07-2019,1180963,1177698
05-07-2019,1239340,1236168
06-07-2019,1241907,1238080
07-07-2019,1207841,1198893
08-07-2019,1297894,1287183
09-07-2019,1294190,1286542
10-07-2019,1358143,1354251
11-07-2019,1286791,1282807
12-07-2019,1306649,1301762
13-07-2019,1238492,1234574
14-07-2019,1204526,1198964
15-07-2019,1264699,1257424
16-07-2019,1356396,1352676
17-07-2019,1362044.6,1361344
18-07-2019,1358859,1358580
19-07-2019,1359037,1360047
20-07-2019,1326717,1325431
21-07-2019,1284359,1282484
22-07-2019,1306484,1300875
23-07-2019,1228427,1225382
24-07-2019,1154693,1152196
25-07-2019,1131895,1125203
26-07-2019,1163414,1154854
27-07-2019,1191477,1184373
28-07-2019,1237121,1230167
29-07-2019,1308022,1305370
30-07-2019,1332604,1325381
31-07-2019,1325047,1312536
01-08-2019,1337809,1325664
02-08-2019,1337042,1328003
03-08-2019,1264791,1261431
04-08-2019,1205786,1200580
05-08-2019,1311465,1305357
06-08-2019,1362044.6,1370635
07-08-2019,1362044.6,1394863
08-08-2019,1362044.6,1405184
09-08-2019,1362044.6,1410132
10-08-2019,1362044.6,1373669
11-08-2019,1362044.6,1360895
12-08-2019,1362044.6,1421619
13-08-2019,1362044.6,1444353
14-08-2019,1362044.6,1406106
15-08-2019,1358923,1346998
16-08-2019,1362044.6,1386054
17-08-2019,1362044.6,1377769
18-08-2019,1362044.6,1358999
19-08-2019,1362044.6,1418746
20-08-2019,1362044.6,1407207
21-08-2019,1362044.6,1376589
22-08-2019,1362044.6,1368712
23-08-2019,1346586,1341831
24-08-2019,1250217,1242564
25-08-2019,1247482,1236483
26-08-2019,1362044.6,1387694
27-08-2019,1362044.6,1365076
28-08-2019,1268709,1269545
29-08-2019,1311695,1304020
30-08-2019,1326919,1318971
31-08-2019,1176713,1165760
01-09-2019,1187234,1177799
02-09-2019,1232548,1218962
03-09-2019,1281110,1272397
04-09-2019,1309483,1303565
05-09-2019,1294510,1279872
06-09-2019,1307741,1296393
07-09-2019,1286357,1276601
08-09-2019,1261642,1250013
09-09-2019,1292538,1285799
10-09-2019,1281521,1281611
11-09-2019,1232767,1233626
12-09-2019,1227822,1227996
13-09-2019,1257475,1252362
14-09-2019,1211717,1198902
15-09-2019,1203225,1190653
16-09-2019,1258656,1246012
17-09-2019,1216586,1207297
18-09-2019,1211182,1210243
19-09-2019,1198390,1194940
20-09-2019,1193888,1195147
21-09-2019,1197268,1196063
22-09-2019,1179564,1174762
23-09-2019,1254847,1247480
24-09-2019,1264992,1258873
25-09-2019,1256349,1252357
26-09-2019,1260300,1251163
27-09-2019,1234984,1232421
28-09-2019,1227154,1225581
29-09-2019,1220912,1219346
30-09-2019,1255799,1256599
01-10-2019,1268640,1271473
02-10-2019,1246832,1244792
03-10-2019,1236386,1229345
04-10-2019,1194079,1191133
05-10-2019,1153773,1143018
06-10-2019,1153743,1142865
07-10-2019,1085607,1086090
08-10-2019,984897,979853
09-10-2019,1040161,1040862
10-10-2019,1192412,1184738
11-10-2019,1006625,1003646
12-10-2019,800354,796761
13-10-2019,797534,795870
14-10-2019,946232,943355
15-10-2019,1086658,1081975
16-10-2019,974985,976895
17-10-2019,836360,836437
18-10-2019,868496,869171
19-10-2019,933905,931055
20-10-2019,982749,979312
21-10-2019,1002156,1000279
22-10-2019,870030,868115
23-10-2019,878890,881591
24-10-2019,930754,932768
25-10-2019,887737,893297
26-10-2019,829302,829088
27-10-2019,796651,795206
28-10-2019,859159,857985
29-10-2019,914112,913761
30-10-2019,957467,955427
31-10-2019,1021039,1018076
01-11-2019,996309,994520
02-11-2019,881278,880685
03-11-2019,844873,842780
04-11-2019,857706,855970
05-11-2019,888613,881821
06-11-2019,909715,905411
07-11-2019,904869,904138
08-11-2019,954837,953036
09-11-2019,905223,899138
10-11-2019,818004,813934
11-11-2019,875591,874568
12-11-2019,1186603,1177103
13-11-2019,1213369,1205805
14-11-2019,1071903,1067222
15-11-2019,1014189,1006493
16-11-2019,940792,937456
17-11-2019,868642,866569
18-11-2019,876449,871690
19-11-2019,871637,864050
20-11-2019,868152,864384
21-11-2019,900718,895311
22-11-2019,911310,909910
23-11-2019,900148,894182
24-11-2019,869591,866667
25-11-2019,869864,872242
26-11-2019,900881,905040
27-11-2019,908381,911151
28-11-2019,900095,897523
29-11-2019,878945,866045
30-11-2019,879659,874159
01-12-2019,851836,847978
02-12-2019,934916,933748
03-12-2019,963238,965492
04-12-2019,916023,917324
05-12-2019,902344,902629
06-12-2019,889029,885432
07-12-2019,881539,879195
08-12-2019,860760,860354
09-12-2019,896460,897969
10-12-2019,995668,995927
11-12-2019,1063980,1065218
12-12-2019,1040403,1036288
13-12-2019,957398,959788
14-12-2019,899210,898363
15-12-2019,870770,872366
16-12-2019,968511,969800
17-12-2019,1097875,1095442
18-12-2019,1119854,1119502
19-12-2019,1094838,1093105
20-12-2019,1035096,1033416
21-12-2019,962546,962679
22-12-2019,956547,953459
23-12-2019,985201,982853
24-12-2019,932293,928745
25-12-2019,839055,834241
26-12-2019,827259,824922
27-12-2019,848094,847860
28-12-2019,838135,846000
29-12-2019,849624,847264
30-12-2019,953431,950041
31-12-2019,988974,986315
01-01-2020,921795,919770
02-01-2020,903136,902528
03-01-2020,904526,900804
04-01-2020,923605,920211
05-01-2020,884883,881817
06-01-2020,906470,907159
07-01-2020,924666,923429
08-01-2020,981556,978946
09-01-2020,901109,898077
10-01-2020,895383,894033
11-01-2020,922616,923370
12-01-2020,996323,997963
13-01-2020,949518,949014
14-01-2020,907810,907653
15-01-2020,913039,908787
16-01-2020,926311,925533
17-01-2020,943546,941178
18-01-2020,870155,867285
19-01-2020,912230,913499
20-01-2020,975465,976261
21-01-2020,1001026,1001464
22-01-2020,1023882,1021904
23-01-2020,956368,953308
24-01-2020,961032,957244
25-01-2020,926573,925963
26-01-2020,832543,832126
27-01-2020,889093,887517
28-01-2020,906122,903001
29-01-2020,992488,992302
30-01-2020,1021144,1017738
31-01-2020,989942,985034
01-02-2020,945813,944688
02-02-2020,868066,865515
03-02-2020,850929,848112
04-02-2020,894012,893573
05-02-2020,1056736,1056625
06-02-2020,1171242,1168979
07-02-2020,1068304,1067434
08-02-2020,913987,913543
09-02-2020,844329,839861
10-02-2020,924438,922874
11-02-2020,1035239,1030284
12-02-2020,1044345,1036481
13-02-2020,1041019,1037977
14-02-2020,1094583,1091334
15-02-2020,975059,972777
16-02-2020,840998,838923
17-02-2020,867176,863866
18-02-2020,907434,902938
19-02-2020,958267,956720
20-02-2020,1027418,1026741
21-02-2020,1090308,1091832
22-02-2020,977930,974040
23-02-2020,879938,878707
24-02-2020,881263,880852
25-02-2020,911929,910887
26-02-2020,1004069,1000655
27-02-2020,1083058,1079417
28-02-2020,972819,969706
29-02-2020,876191,873074
01-03-2020,816994,812100
02-03-2020,864415,860537
03-03-2020,894754,894566
04-03-2020,905873,905898
05-03-2020,902077,903407
06-03-2020,881961,882060
07-03-2020,871312,867486
08-03-2020,859902,856405
09-03-2020,862286,859784
10-03-2020,886158,885160
11-03-2020,925235,919274
12-03-2020,960208,950976
13-03-2020,946865,941456
14-03-2020,909322,900369
15-03-2020,885834,882052
16-03-2020,896592,885942
17-03-2020,921626,917907
18-03-2020,946705,940552
19-03-2020,979306,977578
20-03-2020,946342,947614
21-03-2020,881826,877161
22-03-2020,841824,838098
23-03-2020,894921,883567
24-03-2020,955348,940567
25-03-2020,971429,956755
26-03-2020,1017499,1007344
27-03-2020,1023812,1015483
28-03-2020,965706,962891
29-03-2020,817792,815677
30-03-2020,878923,874447
31-03-2020,898683,891626
01-04-2020,858889,852552
02-04-2020,867982,859915
03-04-2020,893676,895602
04-04-2020,890454,889959
05-04-2020,827114,826684
06-04-2020,845331,838723
07-04-2020,935308,921809
08-04-2020,1028545,1017190
09-04-2020,1015523,1003628
10-04-2020,873356,869274
11-04-2020,829174,822232
12-04-2020,905587,900619
13-04-2020,848761,848791
14-04-2020,844572,844231
15-04-2020,843478,839799
16-04-2020,834226,829421
17-04-2020,854550,850614
18-04-2020,840737,839309
19-04-2020,831778,831341
20-04-2020,887560,879855
21-04-2020,937176,930687
22-04-2020,959849,954139
23-04-2020,970487,959383
24-04-2020,959591,952610
25-04-2020,902656,892999
26-04-2020,835191,834463
27-04-2020,915439,914404
28-04-2020,1004153,998902
29-04-2020,974335,972124
30-04-2020,884838,883833
01-05-2020,937028,932951
02-05-2020,968120,966731
03-05-2020,1018976,1012875
04-05-2020,1103309,1095001
05-05-2020,1091205,1088771
06-05-2020,951358,949066
07-05-2020,948981,947181
08-05-2020,1015517,1017297
09-05-2020,829894,827861
10-05-2020,814451,811441
11-05-2020,905738,904771
12-05-2020,952369,950325
13-05-2020,971203,972598
14-05-2020,1068374,1063474
15-05-2020,1086286,1082982
16-05-2020,898916,897748
17-05-2020,890375,885190
18-05-2020,1030898,1024799
19-05-2020,1151034,1144021
20-05-2020,1159278,1151891
21-05-2020,1121366,1120126
22-05-2020,1171113,1165921
23-05-2020,1145880,1141792
24-05-2020,1088546,1082183
25-05-2020,903869,903898
26-05-2020,935655,935100
27-05-2020,989330,987631
28-05-2020,1003526,1002831
29-05-2020,1028430,1030093
30-05-2020,997770,996960
31-05-2020,981950,978419
01-06-2020,1006434,1002451
02-06-2020,1081660,1078060
03-06-2020,1149632,1146005
04-06-2020,1202849,1198177
05-06-2020,1237121,1231370
06-06-2020,1225740,1220515
07-06-2020,1210917,1204191
08-06-2020,1275765,1262365
09-06-2020,1339692,1335396
10-06-2020,1159455,1147056
11-06-2020,1105331,1104727
12-06-2020,1114451,1109564
13-06-2020,1106337,1098166
14-06-2020,1106282,1100055
15-06-2020,1202675,1200405
16-06-2020,1232842,1229985
17-06-2020,1221752,1220689
18-06-2020,1226708,1224096
19-06-2020,1229647,1226674
20-06-2020,1121483,1121626
21-06-2020,1129187,1121866
22-06-2020,1161125,1161862
23-06-2020,1132043,1132003
24-06-2020,1104925,1104982
25-06-2020,1153699,1149877
26-06-2020,1152553,1152304
27-06-2020,1163134,1163440
28-06-2020,1181779,1178628
29-06-2020,1249793,1247158
30-06-2020,1299147,1296173
01-07-2020,1320043,1317440
02-07-2020,1332549,1331217
03-07-2020,1270138,1265200
04-07-2020,1240170,1232456
05-07-2020,1241046,1235677
06-07-2020,1252411,1251988
07-07-2020,1250524,1247241
08-07-2020,1294991,1289426
09-07-2020,1362044.6,1358861
10-07-2020,1362044.6,1360855
11-07-2020,1349552,1345096
12-07-2020,1322455,1317270
13-07-2020,1362044.6,1406493
14-07-2020,1362044.6,1408641
15-07-2020,1362044.6,1389463
16-07-2020,1362044.6,1384316
17-07-2020,1362044.6,1372882
18-07-2020,1273386,1270208
19-07-2020,1256491,1253053
20-07-2020,1308906,1306561
21-07-2020,1269000,1268136
22-07-2020,1292409,1289145
23-07-2020,1333107,1323756
24-07-2020,1351966,1343851
25-07-2020,1236658,1232367
26-07-2020,1135234,1134879
27-07-2020,1206361,1202619
28-07-2020,1215515,1213357
29-07-2020,1180882,1181336
30-07-2020,1277465,1273513
31-07-2020,1291369,1279179
01-08-2020,1162950,1152661
02-08-2020,1160462,1149929
03-08-2020,1231495,1222120
04-08-2020,1258482,1248287
05-08-2020,1285711,1279524
06-08-2020,1317288,1314192
07-08-2020,1361352,1357514
08-08-2020,1318404,1313683
09-08-2020,1308709,1303762
10-08-2020,1362044.6,1367590
11-08-2020,1362044.6,1407464
12-08-2020,1362044.6,1422159
13-08-2020,1362044.6,1429587
14-08-2020,1362044.6,1424638
15-08-2020,1362044.6,1392179
16-08-2020,1362044.6,1379314
17-08-2020,1296304,1287535
18-08-2020,1298034,1288728
19-08-2020,1270052,1257989
20-08-2020,1254241,1250480
21-08-2020,1265425,1264625
22-08-2020,1213249,1213131
23-08-2020,1179813,1178446
24-08-2020,1272910,1268358
25-08-2020,1285365,1275820
26-08-2020,1306169,1295863
27-08-2020,1268116,1259765
28-08-2020,1362044.6,1373404
29-08-2020,1362044.6,1375816
30-08-2020,1329006,1317249
31-08-2020,1362044.6,1410061
01-09-2020,1362044.6,1398608
02-09-2020,1265241,1265225
03-09-2020,1224927,1222968
04-09-2020,1195056,1193259
05-09-2020,1127342,1121240
06-09-2020,1117179,1111169
07-09-2020,1183073,1180125
08-09-2020,1227205,1226216
09-09-2020,1173064,1166537
10-09-2020,1009535,1004541
11-09-2020,985172,984412
12-09-2020,1065685,1058271
13-09-2020,1128094,1120069
14-09-2020,1163668,1157852
15-09-2020,1195519,1187011
16-09-2020,1199446,1190017
17-09-2020,1168529,1165591
18-09-2020,1115665,1113679
19-09-2020,1018666,1017633
20-09-2020,931830,927292
21-09-2020,971708,970009
22-09-2020,963032,963641
23-09-2020,975772,976012
24-09-2020,970439,971000
25-09-2020,1009991,1006584
26-09-2020,1039346,1036910
27-09-2020,1116561,1115093
28-09-2020,1063828,1063734
29-09-2020,914807,915247
30-09-2020,933436,933952
01-10-2020,971671,971519
02-10-2020,956288,956404
03-10-2020,919190,917383
04-10-2020,937176,936181
05-10-2020,987860,983440
06-10-2020,1027007,1025214
07-10-2020,1055547,1052483
08-10-2020,1073484,1070546
09-10-2020,1111690,1105258
10-10-2020,1059714,1050477
11-10-2020,1119316,1108335
12-10-2020,1162192,1154268
13-10-2020,1043858,1034595
14-10-2020,1074433,1065933
15-10-2020,1117480,1114353
16-10-2020,945133,946740
17-10-2020,864661,860618
18-10-2020,994475,993458
19-10-2020,1057240,1052190
20-10-2020,1079799,1076101
21-10-2020,1109981,1113895
22-10-2020,1108094,1108830
23-10-2020,1068573,1069135
24-10-2020,841786,846451
25-10-2020,841828,848015
26-10-2020,975480,979646
27-10-2020,1010909,997698
28-10-2020,1005576,1002494
29-10-2020,966635,971103
30-10-2020,918019,912085
31-10-2020,859152,854633
01-11-2020,812771,809686
02-11-2020,866757,862166
03-11-2020,885601,879799
04-11-2020,883968,880453
05-11-2020,894767,889648
06-11-2020,896479,882869
07-11-2020,878507,872250
08-11-2020,882240,874368
09-11-2020,967407,961103
10-11-2020,990002,981514
11-11-2020,951833,941873
12-11-2020,938736,932804
13-11-2020,948017,941488
14-11-2020,955270,946890
15-11-2020,901029,899448
16-11-2020,883458,882654
17-11-2020,893008,892362
18-11-2020,900833,898575
19-11-2020,903661,903268
20-11-2020,923822,923054
21-11-2020,893672,889168
22-11-2020,868828,864883
23-11-2020,897030,894217
24-11-2020,924672,924336
25-11-2020,927392,924967
26-11-2020,898448,894897
27-11-2020,863650,857542
28-11-2020,864374,865826
29-11-2020,873427,872801
30-11-2020,996893,996976
01-12-2020,1093510,1097209
02-12-2020,982918,983144
03-12-2020,1035628,1036608
04-12-2020,1051525,1051885
05-12-2020,1014021,1009089
06-12-2020,926006,925749
07-12-2020,972300,970538
08-12-2020,968247,967354
09-12-2020,946583,944835
10-12-2020,924333,925003
11-12-2020,891886,892084
12-12-2020,891252,890520
13-12-2020,938793,939621
14-12-2020,1079239,1076480
15-12-2020,1103942,1104094
16-12-2020,1091633,1094823
17-12-2020,1128919,1126687
18-12-2020,1047234,1047393
19-12-2020,890527,891668
20-12-2020,920679,917120
21-12-2020,958531,956436
22-12-2020,936177,933394
23-12-2020,906017,900159
24-12-2020,1021691,1020652
25-12-2020,984558,983796
26-12-2020,916996,915352
27-12-2020,862056,859357
28-12-2020,885179,884947
29-12-2020,892495,897501
30-12-2020,909003,908996
31-12-2020,1057391,1058299
01-01-2021,1084200,1078981
02-01-2021,1017227,1013211
03-01-2021,972932,971786
04-01-2021,945515,943330
05-01-2021,942819,940503
06-01-2021,916982,915321
07-01-2021,985912,986650
08-01-2021,1035018,1034117
09-01-2021,1074074,1069165
10-01-2021,1087669,1087998
11-01-2021,1217181,1211118
12-01-2021,1201789,1197214
13-01-2021,1123620,1123040
14-01-2021,1026127,1024525
15-01-2021,1031970,1031345
16-01-2021,1041548,1036391
17-01-2021,956902,950317
18-01-2021,977658,975568
19-01-2021,916829,918220
20-01-2021,971787,969375
21-01-2021,964578,965856
22-01-2021,923770,922271
23-01-2021,903297,903339
24-01-2021,877656,876683
25-01-2021,909655,914282
26-01-2021,932965,934376
27-01-2021,950683,950869
28-01-2021,1045684,1047064
29-01-2021,1021745,1022588
30-01-2021,889010,892936
31-01-2021,873748,870568
01-02-2021,967558,965800
02-02-2021,979516,981240
03-02-2021,939568,936577
04-02-2021,893347,893345
05-02-2021,941494,943675
06-02-2021,940272,941162
07-02-2021,933435,935789
08-02-2021,927312,939126
09-02-2021,997437,1004654
10-02-2021,1122863,1114163
11-02-2021,1287343,1269916
12-02-2021,1362044.6,1392761
13-02-2021,1362044.6,1397185
14-02-2021,1362044.6,1405029
15-02-2021,1344706,1320849
16-02-2021,1080005,1065242
17-02-2021,1061943,1046034
18-02-2021,1210529,1193983
19-02-2021,1226035,1207782
20-02-2021,1077261,1063773
21-02-2021,855033,856209
22-02-2021,824403,828676
23-02-2021,834301,838740
24-02-2021,812106,814964
25-02-2021,859982,860818
26-02-2021,911710,911372
27-02-2021,856064,856434
28-02-2021,829033,832864
01-03-2021,896328,898778
02-03-2021,916667,918588
03-03-2021,908417,909538
04-03-2021,869231,868362
05-03-2021,847279,847927
06-03-2021,824071,824673
07-03-2021,825289,821953
08-03-2021,867282,864902
09-03-2021,856571,853665
10-03-2021,870585,868228
11-03-2021,894666,892980
12-03-2021,918521,919150
13-03-2021,890134,891007
14-03-2021,841431,838095
15-03-2021,852970,849039
16-03-2021,898635,895866
17-03-2021,914980,914628
18-03-2021,884712,883821
19-03-2021,879394,876540
20-03-2021,846746,841307
21-03-2021,831456,826889
22-03-2021,873396,871969
23-03-2021,898549,894565
24-03-2021,892470,888910
25-03-2021,887555,889187
26-03-2021,895602,894976
27-03-2021,910899,906704
28-03-2021,866307,865603
29-03-2021,868455,863513
30-03-2021,904033,900850
31-03-2021,932789,932276
01-04-2021,872107,871795
02-04-2021,855778,852989
03-04-2021,824987,827945
04-04-2021,805231,802426
05-04-2021,881385,880516
06-04-2021,960063,961962
07-04-2021,996762,993615
08-04-2021,964198,957125
09-04-2021,1041838,1039286
10-04-2021,957113,956232
11-04-2021,891888,888340
12-04-2021,991947,985899
13-04-2021,1022717,1018574
14-04-2021,1001067,993893
15-04-2021,944974,940410
16-04-2021,920748,917396
17-04-2021,872127,870918
18-04-2021,826831,825550
19-04-2021,864334,860402
20-04-2021,894977,894315
21-04-2021,914085,913603
22-04-2021,890624,888341
23-04-2021,914574,914124
24-04-2021,928035,921918
25-04-2021,913747,907507
26-04-2021,1002859,1001149
27-04-2021,1030609,1029075
28-04-2021,1067422,1066152
29-04-2021,1049182,1045267
30-04-2021,958963,956262
01-05-2021,887238,882713
02-05-2021,935662,929715
03-05-2021,1128327,1123450
04-05-2021,1091668,1087918
05-05-2021,969264,965132
06-05-2021,988252,985855
07-05-2021,1032975,1030258
08-05-2021,1046497,1047944
09-05-2021,1103936,1096145
10-05-2021,1092282,1088887
11-05-2021,1046625,1046573
12-05-2021,932281,934143
13-05-2021,915146,912757
14-05-2021,966487,962623
15-05-2021,973810,974662
16-05-2021,945953,945023
17-05-2021,1029899,1030853
18-05-2021,1001241,1004915
19-05-2021,956588,957403
20-05-2021,972828,970437
21-05-2021,1064095,1060554
22-05-2021,1034856,1033127
23-05-2021,968386,968696
24-05-2021,1014305,1013708
25-05-2021,1068354,1065352
26-05-2021,1155755,1155046
27-05-2021,1214984,1209758
28-05-2021,1160034,1159811
29-05-2021,1019164,1018186
30-05-2021,1023439,1018681
31-05-2021,1017471,1016569
01-06-2021,1027265,1026619
02-06-2021,1060002,1055676
03-06-2021,1049511,1048791
04-06-2021,1012572,1008938
05-06-2021,1042175,1036609
06-06-2021,1069902,1066269
07-06-2021,1192810,1189008
08-06-2021,1234708,1236931
09-06-2021,1298641,1298514
10-06-2021,1310689,1310307
11-06-2021,1328644,1328533
12-06-2021,1279369,1275581
13-06-2021,1291067,1280520
14-06-2021,1362044.6,1366607
15-06-2021,1336372,1320847
16-06-2021,1301540,1289183
17-06-2021,1343101,1330339
18-06-2021,1330767,1320363
19-06-2021,1274717,1263898
20-06-2021,1288692,1283866
21-06-2021,1352905,1349771
22-06-2021,1232614,1227112
23-06-2021,1300341,1293228
24-06-2021,1362044.6,1387818
25-06-2021,1362044.6,1396329
26-06-2021,1337003,1336607
27-06-2021,1250123,1248851
28-06-2021,1181161,1181156
29-06-2021,1154654,1155989
30-06-2021,1211374,1212429
01-07-2021,1289799,1284299
02-07-2021,1288855,1280212
03-07-2021,1190186,1183673
04-07-2021,1129908,1129442
05-07-2021,1162746,1162444
06-07-2021,1191514,1191148
07-07-2021,1205967,1203372
08-07-2021,1237754,1230573
09-07-2021,1184342,1177774
10-07-2021,1190246,1183890
11-07-2021,1221856,1214120
12-07-2021,1255234,1243374
13-07-2021,1223013,1221404
14-07-2021,1230302,1226979
15-07-2021,1264330,1263813
16-07-2021,1305789,1305175
17-07-2021,1297074,1297233
18-07-2021,1280591,1277693
19-07-2021,1305857,1306281
20-07-2021,1238624,1237949
21-07-2021,1245206,1244169
22-07-2021,1249969,1249201
23-07-2021,1318603,1317360
24-07-2021,1343687,1343218
25-07-2021,1326481,1324548
26-07-2021,1362044.6,1382709
27-07-2021,1362044.6,1409764
28-07-2021,1362044.6,1382787
29-07-2021,1362044.6,1383881
30-07-2021,1362044.6,1390697
31-07-2021,1362044.6,1369900
01-08-2021,1351642,1349385
02-08-2021,1267577,1266033
03-08-2021,1258508,1256908
04-08-2021,1276902,1274360
05-08-2021,1264455,1263468
06-08-2021,1267743,1265534
07-08-2021,1295165,1291866
08-08-2021,1336183,1336160
09-08-2021,1362044.6,1418101
10-08-2021,1362044.6,1431046
11-08-2021,1362044.6,1404933
12-08-2021,1362044.6,1409533
13-08-2021,1362044.6,1374290
14-08-2021,1294598,1281584
15-08-2021,1213238,1199653
16-08-2021,1257108,1244987
17-08-2021,1285463,1283156
18-08-2021,1250430,1251157
19-08-2021,1326464,1325479
20-08-2021,1362044.6,1386444
21-08-2021,1358052,1356439
22-08-2021,1347876,1345397
23-08-2021,1362044.6,1382403
24-08-2021,1362044.6,1400887
25-08-2021,1362044.6,1415278
26-08-2021,1362044.6,1396922
27-08-2021,1350864,1336296
28-08-2021,1282370,1271417
29-08-2021,1254371,1240987
30-08-2021,1342287,1326606
31-08-2021,1362044.6,1379344
01-09-2021,1362044.6,1419131
02-09-2021,1362044.6,1407034
03-09-2021,1362044.6,1383355
04-09-2021,1343178,1330695
05-09-2021,1322648,1306410
06-09-2021,1309094,1291433
07-09-2021,1288586,1272391
08-09-2021,1274506,1270472
09-09-2021,1250680,1241291
10-09-2021,1236097,1225773
11-09-2021,1163466,1155867
12-09-2021,1155647,1143876
13-09-2021,1190639,1177864
14-09-2021,1118731,1113619
15-09-2021,1135635,1128638
16-09-2021,1173868,1165981
17-09-2021,1242636,1234375
18-09-2021,1246466,1238329
19-09-2021,1228742,1220152
20-09-2021,1344106,1336250
21-09-2021,1355373,1353599
22-09-2021,1117879,1118770
23-09-2021,1021608,1019407
24-09-2021,1038397,1033776
25-09-2021,1037621,1035622
26-09-2021,1052684,1049637
27-09-2021,1144495,1141525
28-09-2021,1215075,1212288
29-09-2021,1172883,1167039
30-09-2021,1204235,1197474
01-10-2021,1110913,1111190
02-10-2021,1074622,1068229
03-10-2021,1091995,1080772
04-10-2021,1117956,1108730
05-10-2021,1079138,1071250
06-10-2021,1070522,1063715
07-10-2021,1107171,1100183
08-10-2021,1159421,1160568
09-10-2021,1132087,1132335
10-10-2021,1147447,1151532
11-10-2021,1132334,1136527
12-10-2021,1141604,1143272
13-10-2021,1219021,1219570
14-10-2021,1108258,1105887
15-10-2021,1127023,1123304
16-10-2021,914961,916036
17-10-2021,839131,835841
18-10-2021,906280,898489
19-10-2021,968988,966123
20-10-2021,1044681,1034777
21-10-2021,1073900,1057786
22-10-2021,1068696,1063206
23-10-2021,1077617,1071789
24-10-2021,1068907,1059708
25-10-2021,1138880,1127526
26-10-2021,1165353,1159350
27-10-2021,1088008,1094179
28-10-2021,922556,923450
29-10-2021,899500,898684
30-10-2021,866046,865050
31-10-2021,874058,874286
01-11-2021,924935,918408
02-11-2021,948172,942544
03-11-2021,956579,951853
04-11-2021,936360,939022
05-11-2021,931190,930904
06-11-2021,891598,891202
07-11-2021,864670,861252
08-11-2021,909803,904917
09-11-2021,923315,924050
10-11-2021,947998,946509
11-11-2021,946917,942491
12-11-2021,937274,936765
13-11-2021,911127,910227
14-11-2021,880702,884261
15-11-2021,933555,930448
16-11-2021,976541,974884
17-11-2021,1003518,1002098
18-11-2021,962028,967470
19-11-2021,957393,955015
20-11-2021,920323,921753
21-11-2021,898549,897225
22-11-2021,926440,926091
23-11-2021,950730,951278
24-11-2021,940088,942581
25-11-2021,929332,929170
26-11-2021,908389,905590
27-11-2021,940743,932578
28-11-2021,899743,895506
29-11-2021,958107,952348
30-11-2021,948997,950619
01-12-2021,934535,931732
02-12-2021,943275,939606
03-12-2021,962114,958655
04-12-2021,944838,941763
05-12-2021,933178,928714
06-12-2021,987654,994451
07-12-2021,989831,992219
08-12-2021,968860,966469
09-12-2021,984436,986076
10-12-2021,1040335,1041701
11-12-2021,965817,969145
12-12-2021,997691,998596
13-12-2021,995688,999238
14-12-2021,973514,975174
15-12-2021,1017085,1019683
16-12-2021,1032059,1031574
17-12-2021,1013090,1014167
18-12-2021,972396,969795
19-12-2021,993462,993921
20-12-2021,1021449,1016493
21-12-2021,1034360,1035107
22-12-2021,981916,986996
23-12-2021,937302,935582
24-12-2021,928396,929901
25-12-2021,909025,905853
26-12-2021,891706,887198
27-12-2021,949889,947833
28-12-2021,977187,973656
29-12-2021,974950,976926
30-12-2021,963929,960122
31-12-2021,965775,956586
01-01-2022,962917,959181
02-01-2022,1116780,1120686
03-01-2022,1197907,1201559
04-01-2022,1116957,1120101
05-01-2022,1000269,1003419
06-01-2022,1038383,1034577
07-01-2022,1211128,1205517
08-01-2022,1056837,1050814
09-01-2022,941608,934570
10-01-2022,1061003,1061059
11-01-2022,1115008,1107698
12-01-2022,1056239,1054344
13-01-2022,1017500,1013166
14-01-2022,979343,976676
15-01-2022,1024701,1032349
16-01-2022,1164042,1162926
17-01-2022,1083189,1081254
18-01-2022,1011761,1016954
19-01-2022,946214,947786
20-01-2022,1217361,1219387
21-01-2022,1359674,1354735
22-01-2022,1235228,1240838
23-01-2022,1092502,1090579
24-01-2022,1034749,1033360
25-01-2022,1057049,1053835
26-01-2022,1105262,1102355
27-01-2022,1085759,1081282
28-01-2022,1083807,1082335
29-01-2022,1094136,1089553
30-01-2022,989751,993272
31-01-2022,955574,953277
01-02-2022,950572,943424
02-02-2022,984730,982861
03-02-2022,1337532,1327205
04-02-2022,1362044.6,1521714
05-02-2022,1362044.6,1345193
06-02-2022,1195528,1189340
07-02-2022,1087880,1088319
08-02-2022,1102918,1096975
09-02-2022,1040402,1037316
10-02-2022,1000116,998602
11-02-2022,975924,970897
12-02-2022,968445,970935
13-02-2022,1127970,1119988
14-02-2022,1038538,1034517
15-02-2022,988256,992737
16-02-2022,934556,946842
17-02-2022,970269,979872
18-02-2022,1166623,1167243
19-02-2022,1056823,1056378
20-02-2022,956848,957634
21-02-2022,936504,944687
22-02-2022,981180,988399
23-02-2022,1191424,1197367
24-02-2022,1362044.6,1383329
25-02-2022,1362044.6,1387251
26-02-2022,1293936,1284157
27-02-2022,1177745,1171692
28-02-2022,1117514,1110886
01-03-2022,1019545,1016173
02-03-2022,959121,955913
03-03-2022,932815,925766
04-03-2022,941617,940870
05-03-2022,916455,287567
06-03-2022,259819,0
